Img-name,location
img1,"40.7127281,-74.0060152"
img2,"40.7127281,-74.0060152"
img3,"40.7127281,-74.0060152"
